"STATE_NAME","Lg_Dist_Code","DISTRICT_NAME","MICRO","SMALL","MEDIUM","Total","Last_Updated"
"ANDHRA PRADESH","745","Alluri Sitharama Raju","739","2","NA","741","2023-03-02"
"ANDHRA PRADESH","744","Anakapalli","3285","47","NA","3332","2023-03-02"
"ANDHRA PRADESH","502","ANANTHAPUR","22860","466","16","23342","2023-03-02"
"ANDHRA PRADESH","753","Annamayya","4440","60","2","4502","2023-03-02"
"ANDHRA PRADESH","750","Bapatla","3771","60","1","3832","2023-03-02"
"ANDHRA PRADESH","503","CHITOOR","19653","552","24","20229","2023-03-02"
"ANDHRA PRADESH","505","EAST GODAVARI","25588","985","60","26633","2023-03-02"
"ANDHRA PRADESH","748","Eluru","5021","70","NA","5091","2023-03-02"
"ANDHRA PRADESH","506","GUNTUR","26072","990","73","27135","2023-03-02"
"ANDHRA PRADESH","746","Kakinada","5511","67","2","5580","2023-03-02"
"ANDHRA PRADESH","747","Konaseema","4394","94","2","4490","2023-03-02"
"ANDHRA PRADESH","510","KRISHNA","31205","1389","95","32689","2023-03-02"
"ANDHRA PRADESH","511","KURNOOL","21732","593","19","22344","2023-03-02"
"ANDHRA PRADESH","755","Nandyal","4821","62","1","4884","2023-03-02"
"ANDHRA PRADESH","749","NTR","6351","116","5","6472","2023-03-02"
"ANDHRA PRADESH","751","Palnadu","4316","67","1","4384","2023-03-02"
"ANDHRA PRADESH","743","Parvathipuram Manyam","905","20","NA","925","2023-03-02"
"ANDHRA PRADESH","517","PRAKASAM","16137","482","12","16631","2023-03-02"
"ANDHRA PRADESH","515","SPSR NELLORE","19389","607","35","20031","2023-03-02"
"ANDHRA PRADESH","754","Sri Sathya Sai","3654","38","1","3693","2023-03-02"
"ANDHRA PRADESH","519","SRIKAKULAM","9162","277","8","9447","2023-03-02"
"ANDHRA PRADESH","752","Tirupati","5203","67","2","5272","2023-03-02"
"ANDHRA PRADESH","520","VISAKHAPATNAM","28943","1299","112","30354","2023-03-02"
"ANDHRA PRADESH","521","VIZIANAGARAM","9843","255","7","10105","2023-03-02"
"ANDHRA PRADESH","523","WEST GODAVARI","24466","1010","88","25564","2023-03-02"
"ANDHRA PRADESH","504","Y.S.R","16086","460","18","16564","2023-03-02"
"ARUNACHAL PRADESH","628","ANJAW","42","NA","NA","42","2023-03-02"
"ARUNACHAL PRADESH","229","CHANGLANG","199","2","NA","201","2023-03-02"
"ARUNACHAL PRADESH","230","DIBANG VALLEY","25","1","NA","26","2023-03-02"
"ARUNACHAL PRADESH","231","EAST KAMENG","68","5","NA","73","2023-03-02"
"ARUNACHAL PRADESH","232","EAST SIANG","284","10","NA","294","2023-03-02"
"ARUNACHAL PRADESH","718","KAMLE","27","NA","NA","27","2023-03-02"
"ARUNACHAL PRADESH","677","KRA DAADI","37","NA","NA","37","2023-03-02"
"ARUNACHAL PRADESH","233","KURUNG KUMEY","60","NA","NA","60","2023-03-02"
"ARUNACHAL PRADESH","724","LEPARADA","38","NA","NA","38","2023-03-02"
"ARUNACHAL PRADESH","234","LOHIT","180","4","NA","184","2023-03-02"
"ARUNACHAL PRADESH","666","LONGDING","41","2","NA","43","2023-03-02"
"ARUNACHAL PRADESH","235","LOWER DIBANG VALLEY","147","2","NA","149","2023-03-02"
"ARUNACHAL PRADESH","719","LOWER SIANG","40","1","NA","41","2023-03-02"
"ARUNACHAL PRADESH","236","LOWER SUBANSIRI","299","6","NA","305","2023-03-02"
"ARUNACHAL PRADESH","678","NAMSAI","120","NA","NA","120","2023-03-02"
"ARUNACHAL PRADESH","723","PAKKE KESSANG","11","NA","NA","11","2023-03-02"
"ARUNACHAL PRADESH","237","PAPUM PARE","1748","71","9","1828","2023-03-02"
"ARUNACHAL PRADESH","725","SHI YOMI","22","NA","NA","22","2023-03-02"
"ARUNACHAL PRADESH","679","SIANG","27","NA","NA","27","2023-03-02"
"ARUNACHAL PRADESH","238","TAWANG","164","3","NA","167","2023-03-02"
"ARUNACHAL PRADESH","239","TIRAP","64","1","NA","65","2023-03-02"
"ARUNACHAL PRADESH","240","UPPER SIANG","34","1","NA","35","2023-03-02"
"ARUNACHAL PRADESH","241","UPPER SUBANSIRI","118","5","NA","123","2023-03-02"
"ARUNACHAL PRADESH","242","WEST KAMENG","388","9","NA","397","2023-03-02"
"ARUNACHAL PRADESH","243","WEST SIANG","169","6","NA","175","2023-03-02"
"ASSAM","739","BAJALI","401","4","NA","405","2023-03-02"
"ASSAM","616","BAKSA","2087","13","2","2102","2023-03-02"
"ASSAM","280","BARPETA","5586","100","7","5693","2023-03-02"
"ASSAM","705","Biswanath","2504","42","NA","2546","2023-03-02"
"ASSAM","281","BONGAIGAON","2710","86","6","2802","2023-03-02"
"ASSAM","282","CACHAR","9478","184","13","9675","2023-03-02"
"ASSAM","708","CHARAIDEO","1288","24","NA","1312","2023-03-02"
"ASSAM","612","CHIRANG","1473","28","4","1505","2023-03-02"
"ASSAM","283","DARRANG","7456","99","1","7556","2023-03-02"
"ASSAM","284","DHEMAJI","3147","44","2","3193","2023-03-02"
"ASSAM","285","DHUBRI","3706","66","3","3775","2023-03-02"
"ASSAM","286","DIBRUGARH","7155","200","8","7363","2023-03-02"
"ASSAM","299","DIMA HASAO","522","7","NA","529","2023-03-02"
"ASSAM","287","GOALPARA","3337","62","3","3402","2023-03-02"
"ASSAM","288","GOLAGHAT","4666","99","2","4767","2023-03-02"
"ASSAM","289","HAILAKANDI","2476","30","1","2507","2023-03-02"
"ASSAM","709","HOJAI","2987","71","1","3059","2023-03-02"
"ASSAM","290","JORHAT","4770","203","13","4986","2023-03-02"
"ASSAM","291","KAMRUP","7539","175","17","7731","2023-03-02"
"ASSAM","618","KAMRUP METRO","17471","1458","152","19081","2023-03-02"
"ASSAM","292","KARBI-ANGELONG","1764","31","NA","1795","2023-03-02"
"ASSAM","293","KARIMGANJ","4007","91","NA","4098","2023-03-02"
"ASSAM","294","KOKRAJHAR","1969","49","1","2019","2023-03-02"
"ASSAM","295","LAKHIMPUR","4684","93","5","4782","2023-03-02"
"ASSAM","706","MAJULI","607","3","NA","610","2023-03-02"
"ASSAM","296","MARIGAON","3201","35","NA","3236","2023-03-02"
"ASSAM","297","NAGAON","6859","156","4","7019","2023-03-02"
"ASSAM","298","NALBARI","2912","61","2","2975","2023-03-02"
"ASSAM","300","SIVASAGAR","3799","130","5","3934","2023-03-02"
"ASSAM","301","SONITPUR","5602","108","13","5723","2023-03-02"
"ASSAM","707","SOUTH SALMARA MANCACHAR","336","7","NA","343","2023-03-02"
"ASSAM","756","TAMULPUR","182","1","NA","183","2023-03-02"
"ASSAM","302","TINSUKIA","6776","202","8","6986","2023-03-02"
"ASSAM","617","UDALGURI","2616","25","NA","2641","2023-03-02"
"ASSAM","710","WEST KARBI ANGLONG","318","2","NA","320","2023-03-02"
"BIHAR","188","ARARIA","10405","220","10","10635","2023-03-02"
"BIHAR","611","ARWAL","1840","34","NA","1874","2023-03-02"
"BIHAR","189","AURANGABAD","8112","163","4","8279","2023-03-02"
"BIHAR","190","BANKA","6875","62","1","6938","2023-03-02"
"BIHAR","191","BEGUSARAI","13804","279","16","14099","2023-03-02"
"BIHAR","192","BHAGALPUR","16186","278","11","16475","2023-03-02"
"BIHAR","193","BHOJPUR","7979","183","4","8166","2023-03-02"
"BIHAR","194","BUXAR","5530","111","5","5646","2023-03-02"
"BIHAR","195","DARBHANGA","14926","280","12","15218","2023-03-02"
"BIHAR","196","GAYA","15259","315","12","15586","2023-03-02"
"BIHAR","197","GOPALGANJ","8887","140","4","9031","2023-03-02"
"BIHAR","198","JAMUI","6697","109","1","6807","2023-03-02"
"BIHAR","199","JEHANABAD","3622","57","NA","3679","2023-03-02"
"BIHAR","200","KAIMUR (BHABUA)","4111","107","2","4220","2023-03-02"
"BIHAR","201","KATIHAR","12394","248","4","12646","2023-03-02"
"BIHAR","202","KHAGARIA","6646","113","3","6762","2023-03-02"
"BIHAR","203","KISHANGANJ","5622","108","6","5736","2023-03-02"
"BIHAR","204","LAKHISARAI","3266","59","NA","3325","2023-03-02"
"BIHAR","205","MADHEPURA","7408","136","4","7548","2023-03-02"
"BIHAR","206","MADHUBANI","15127","188","5","15320","2023-03-02"
"BIHAR","207","MUNGER","5963","57","NA","6020","2023-03-02"
"BIHAR","208","MUZAFFARPUR","27642","620","25","28287","2023-03-02"
"BIHAR","209","NALANDA","10577","201","2","10780","2023-03-02"
"BIHAR","210","NAWADA","7149","119","1","7269","2023-03-02"
"BIHAR","211","PASHCHIM  CHAMPARAN","13438","250","1","13689","2023-03-02"
"BIHAR","212","PATNA","56447","1586","138","58171","2023-03-02"
"BIHAR","213","PURBI  CHAMPARAN","22692","445","56","23193","2023-03-02"
"BIHAR","214","PURNIA","17228","516","28","17772","2023-03-02"
"BIHAR","215","ROHTAS","10604","257","6","10867","2023-03-02"
"BIHAR","216","SAHARSA","7719","127","2","7848","2023-03-02"
"BIHAR","217","SAMASTIPUR","18979","350","10","19339","2023-03-02"
"BIHAR","218","SARAN","13225","232","7","13464","2023-03-02"
"BIHAR","219","SHEIKHPURA","2880","38","NA","2918","2023-03-02"
"BIHAR","220","SHEOHAR","2392","21","NA","2413","2023-03-02"
"BIHAR","221","SITAMARHI","10963","184","5","11152","2023-03-02"
"BIHAR","222","SIWAN","10570","199","3","10772","2023-03-02"
"BIHAR","223","SUPAUL","8817","140","1","8958","2023-03-02"
"BIHAR","224","VAISHALI","17669","217","6","17892","2023-03-02"
"CHHATTISGARH","646","BALOD","3889","56","3","3948","2023-03-02"
"CHHATTISGARH","644","BALOD BAZAR","6447","96","2","6545","2023-03-02"
"CHHATTISGARH","649","BALRAMPUR","1921","28","NA","1949","2023-03-02"
"CHHATTISGARH","374","BASTAR","3526","114","3","3643","2023-03-02"
"CHHATTISGARH","650","BEMETARA","3544","50","1","3595","2023-03-02"
"CHHATTISGARH","636","BIJAPUR","524","3","NA","527","2023-03-02"
"CHHATTISGARH","375","BILASPUR","14325","476","24","14825","2023-03-02"
"CHHATTISGARH","376","DANTEWADA","990","30","NA","1020","2023-03-02"
"CHHATTISGARH","377","DHAMTARI","4905","89","1","4995","2023-03-02"
"CHHATTISGARH","378","DURG","17330","477","44","17851","2023-03-02"
"CHHATTISGARH","645","GARIABAND","2237","21","1","2259","2023-03-02"
"CHHATTISGARH","734","Gaurella Pendra Marwahi","796","14","NA","810","2023-03-02"
"CHHATTISGARH","379","JANJGIR-CHAMPA","7480","150","3","7633","2023-03-02"
"CHHATTISGARH","380","JASHPUR","2178","67","4","2249","2023-03-02"
"CHHATTISGARH","382","KABIRDHAM","3163","77","1","3241","2023-03-02"
"CHHATTISGARH","381","KANKER","3952","65","2","4019","2023-03-02"
"CHHATTISGARH","759","KHAIRGARH CHHUIKHADAN GANDAI","282","3","NA","285","2023-03-02"
"CHHATTISGARH","643","KONDAGAON","2095","55","1","2151","2023-03-02"
"CHHATTISGARH","383","KORBA","8077","239","36","8352","2023-03-02"
"CHHATTISGARH","384","KOREA","2927","52","1","2980","2023-03-02"
"CHHATTISGARH","385","MAHASAMUND","5347","92","1","5440","2023-03-02"
"CHHATTISGARH","760","MANENDRAGARH CHIRIMIRI BHARATPUR","270","4","NA","274","2023-03-02"
"CHHATTISGARH","761","MOHLA MANPUR AMBAGARH CHOUKI","75","NA","NA","75","2023-03-02"
"CHHATTISGARH","647","MUNGELI","2630","33","NA","2663","2023-03-02"
"CHHATTISGARH","637","NARAYANPUR","511","11","NA","522","2023-03-02"
"CHHATTISGARH","386","RAIGARH","8349","323","24","8696","2023-03-02"
"CHHATTISGARH","387","RAIPUR","32331","1695","200","34226","2023-03-02"
"CHHATTISGARH","388","RAJNANDAGAON","7903","158","3","8064","2023-03-02"
"CHHATTISGARH","762","SAKTI","340","6","NA","346","2023-03-02"
"CHHATTISGARH","763","SARANGARH BILAIGARH","332","4","NA","336","2023-03-02"
"CHHATTISGARH","642","SUKMA","466","12","NA","478","2023-03-02"
"CHHATTISGARH","648","SURAJPUR","2966","51","1","3018","2023-03-02"
"CHHATTISGARH","389","SURGUJA","4856","163","8","5027","2023-03-02"
"GOA","551","NORTH GOA","13549","359","33","13941","2023-03-02"
"GOA","552","SOUTH GOA","8990","270","13","9273","2023-03-02"
"GUJARAT","438","AHMADABAD","147961","4670","500","153131","2023-03-02"
"GUJARAT","439","AMRELI","6949","195","4","7148","2023-03-02"
"GUJARAT","440","ANAND","16732","275","8","17015","2023-03-02"
"GUJARAT","672","ARVALLI","4194","107","1","4302","2023-03-02"
"GUJARAT","441","BANAS KANTHA","14757","534","29","15320","2023-03-02"
"GUJARAT","442","BHARUCH","18523","613","23","19159","2023-03-02"
"GUJARAT","443","BHAVNAGAR","19472","458","33","19963","2023-03-02"
"GUJARAT","676","BOTAD","2483","64","4","2551","2023-03-02"
"GUJARAT","668","CHHOTAUDEPUR","2732","41","NA","2773","2023-03-02"
"GUJARAT","444","DANG","490","9","NA","499","2023-03-02"
"GUJARAT","674","DEVBHOOMI DWARKA","4564","121","2","4687","2023-03-02"
"GUJARAT","445","DOHAD","5274","107","10","5391","2023-03-02"
"GUJARAT","446","GANDHINAGAR","15866","362","21","16249","2023-03-02"
"GUJARAT","675","GIR SOMNATH","6145","191","4","6340","2023-03-02"
"GUJARAT","447","JAMNAGAR","16141","528","33","16702","2023-03-02"
"GUJARAT","448","JUNAGADH","13004","295","9","13308","2023-03-02"
"GUJARAT","449","KACHCHH","30680","1526","154","32360","2023-03-02"
"GUJARAT","450","KHEDA","11200","186","1","11387","2023-03-02"
"GUJARAT","451","MAHESANA","14068","602","51","14721","2023-03-02"
"GUJARAT","669","MAHISAGAR","2136","32","NA","2168","2023-03-02"
"GUJARAT","673","MORBI","12318","511","20","12849","2023-03-02"
"GUJARAT","452","NARMADA","1809","33","NA","1842","2023-03-02"
"GUJARAT","453","NAVSARI","9421","194","6","9621","2023-03-02"
"GUJARAT","454","PANCH MAHALS","6675","128","6","6809","2023-03-02"
"GUJARAT","455","PATAN","5744","184","2","5930","2023-03-02"
"GUJARAT","456","PORBANDAR","5514","140","2","5656","2023-03-02"
"GUJARAT","457","RAJKOT","57486","1451","161","59098","2023-03-02"
"GUJARAT","458","SABAR KANTHA","9653","209","10","9872","2023-03-02"
"GUJARAT","459","SURAT","100241","2533","224","102998","2023-03-02"
"GUJARAT","460","SURENDRANAGAR","9183","220","9","9412","2023-03-02"
"GUJARAT","641","TAPI","2716","62","5","2783","2023-03-02"
"GUJARAT","461","VADODARA","63993","1467","120","65580","2023-03-02"
"GUJARAT","462","VALSAD","24171","681","28","24880","2023-03-02"
"HARYANA","58","AMBALA","15645","425","20","16090","2023-03-02"
"HARYANA","59","BHIWANI","12506","319","11","12836","2023-03-02"
"HARYANA","701","CHARKI DADRI","1862","54","NA","1916","2023-03-02"
"HARYANA","60","FARIDABAD","35210","1232","96","36538","2023-03-02"
"HARYANA","61","FATEHABAD","10261","250","9","10520","2023-03-02"
"HARYANA","62","GURUGRAM","45559","2308","292","48159","2023-03-02"
"HARYANA","63","HISAR","23820","615","37","24472","2023-03-02"
"HARYANA","64","JHAJJAR","9282","307","8","9597","2023-03-02"
"HARYANA","65","JIND","14110","343","15","14468","2023-03-02"
"HARYANA","66","KAITHAL","14591","266","5","14862","2023-03-02"
"HARYANA","67","KARNAL","26073","562","40","26675","2023-03-02"
"HARYANA","68","KURUKSHETRA","16872","353","11","17236","2023-03-02"
"HARYANA","69","MAHENDRAGARH","8551","212","4","8767","2023-03-02"
"HARYANA","604","NUH","6604","156","3","6763","2023-03-02"
"HARYANA","619","PALWAL","8927","231","3","9161","2023-03-02"
"HARYANA","70","PANCHKULA","9984","409","28","10421","2023-03-02"
"HARYANA","71","PANIPAT","19025","698","44","19767","2023-03-02"
"HARYANA","72","REWARI","10522","409","27","10958","2023-03-02"
"HARYANA","73","ROHTAK","12053","424","25","12502","2023-03-02"
"HARYANA","74","SIRSA","14785","382","21","15188","2023-03-02"
"HARYANA","75","SONIPAT","16107","465","18","16590","2023-03-02"
"HARYANA","76","YAMUNANAGAR","17297","396","14","17707","2023-03-02"
"HIMACHAL PRADESH","15","BILASPUR","3350","65","2","3417","2023-03-02"
"HIMACHAL PRADESH","16","CHAMBA","3010","39","NA","3049","2023-03-02"
"HIMACHAL PRADESH","17","HAMIRPUR","3898","73","1","3972","2023-03-02"
"HIMACHAL PRADESH","18","KANGRA","11631","260","7","11898","2023-03-02"
"HIMACHAL PRADESH","19","KINNAUR","825","15","NA","840","2023-03-02"
"HIMACHAL PRADESH","20","KULLU","5662","97","1","5760","2023-03-02"
"HIMACHAL PRADESH","21","LAHUL AND SPITI","429","1","NA","430","2023-03-02"
"HIMACHAL PRADESH","22","MANDI","7628","147","8","7783","2023-03-02"
"HIMACHAL PRADESH","23","SHIMLA","8917","196","9","9122","2023-03-02"
"HIMACHAL PRADESH","24","SIRMAUR","4274","81","2","4357","2023-03-02"
"HIMACHAL PRADESH","25","SOLAN","11626","323","21","11970","2023-03-02"
"HIMACHAL PRADESH","26","UNA","4519","85","3","4607","2023-03-02"
"JHARKHAND","322","BOKARO ","17007","287","15","17309","2023-03-02"
"JHARKHAND","323","CHATRA","4962","43","1","5006","2023-03-02"
"JHARKHAND","324","DEOGHAR","7072","138","11","7221","2023-03-02"
"JHARKHAND","325","DHANBAD","21271","438","24","21733","2023-03-02"
"JHARKHAND","326","DUMKA","4833","79","7","4919","2023-03-02"
"JHARKHAND","327","EAST SINGHBHUM","21991","669","34","22694","2023-03-02"
"JHARKHAND","328","GARHWA ","3898","71","NA","3969","2023-03-02"
"JHARKHAND","329","GIRIDIH","12302","147","7","12456","2023-03-02"
"JHARKHAND","330","GODDA","4380","65","3","4448","2023-03-02"
"JHARKHAND","331","GUMLA ","2376","53","NA","2429","2023-03-02"
"JHARKHAND","332","HAZARIBAG ","13194","185","8","13387","2023-03-02"
"JHARKHAND","333","JAMTARA","2143","27","NA","2170","2023-03-02"
"JHARKHAND","606","KHUNTI ","1704","16","NA","1720","2023-03-02"
"JHARKHAND","334","KODERMA ","5387","77","3","5467","2023-03-02"
"JHARKHAND","335","LATEHAR","2704","32","NA","2736","2023-03-02"
"JHARKHAND","336","LOHARDAGA ","2573","48","NA","2621","2023-03-02"
"JHARKHAND","337","PAKUR ","2951","42","NA","2993","2023-03-02"
"JHARKHAND","338","PALAMU","6094","118","3","6215","2023-03-02"
"JHARKHAND","607","RAMGARH ","8142","142","3","8287","2023-03-02"
"JHARKHAND","339","RANCHI ","33623","935","67","34625","2023-03-02"
"JHARKHAND","340","SAHEBGANJ","3634","65","4","3703","2023-03-02"
"JHARKHAND","341","SERAIKELA-KHARSAWAN  ","5672","131","9","5812","2023-03-02"
"JHARKHAND","342","SIMDEGA ","1473","27","NA","1500","2023-03-02"
"JHARKHAND","343","WEST SINGHBHUM","5330","100","2","5432","2023-03-02"
"KARNATAKA","524","BAGALKOT","13891","244","7","14142","2023-03-02"
"KARNATAKA","528","BALLARI","17924","608","42","18574","2023-03-02"
"KARNATAKA","527","BELAGAVI","41460","677","30","42167","2023-03-02"
"KARNATAKA","526","BENGALURU (RURAL)","31390","628","41","32059","2023-03-02"
"KARNATAKA","525","BENGALURU (URBAN)","164516","7051","757","172324","2023-03-02"
"KARNATAKA","529","BIDAR","11900","192","10","12102","2023-03-02"
"KARNATAKA","531","CHAMARAJNAGAR","5821","134","1","5956","2023-03-02"
"KARNATAKA","630","CHIKBALLAPUR","8802","199","8","9009","2023-03-02"
"KARNATAKA","532","CHIKKAMAGALURU","9579","243","10","9832","2023-03-02"
"KARNATAKA","533","CHITRADURGA","10052","226","13","10291","2023-03-02"
"KARNATAKA","534","DAKSHIN KANNAD","26868","751","47","27666","2023-03-02"
"KARNATAKA","535","DAVANGERE","13791","384","20","14195","2023-03-02"
"KARNATAKA","536","DHARWAD","27136","669","42","27847","2023-03-02"
"KARNATAKA","537","GADAG","8259","171","2","8432","2023-03-02"
"KARNATAKA","539","HASSAN","14428","443","9","14880","2023-03-02"
"KARNATAKA","540","HAVERI","11335","288","7","11630","2023-03-02"
"KARNATAKA","538","KALABURAGI","13834","396","18","14248","2023-03-02"
"KARNATAKA","541","KODAGU","5587","131","6","5724","2023-03-02"
"KARNATAKA","542","KOLAR","10400","287","10","10697","2023-03-02"
"KARNATAKA","543","KOPPAL","8050","301","5","8356","2023-03-02"
"KARNATAKA","544","MANDYA","12753","271","4","13028","2023-03-02"
"KARNATAKA","545","MYSURU","32369","823","42","33234","2023-03-02"
"KARNATAKA","546","RAICHUR","12170","481","13","12664","2023-03-02"
"KARNATAKA","631","RAMANAGARA","8285","141","3","8429","2023-03-02"
"KARNATAKA","547","SHIVAMOGGA","17669","473","24","18166","2023-03-02"
"KARNATAKA","548","TUMAKURU","20076","469","19","20564","2023-03-02"
"KARNATAKA","549","UDUPI","15564","324","16","15904","2023-03-02"
"KARNATAKA","550","UTTAR KANNAD","15029","231","5","15265","2023-03-02"
"KARNATAKA","738","VIJAYANAGAR","2582","68","1","2651","2023-03-02"
"KARNATAKA","530","VIJAYAPURA","16886","414","24","17324","2023-03-02"
"KARNATAKA","635","YADGIR","7825","157","4","7986","2023-03-02"
"KERALA","554","ALAPPUZHA","14229","395","12","14636","2023-03-02"
"KERALA","555","ERNAKULAM","34819","1946","172","36937","2023-03-02"
"KERALA","556","IDUKKI","7355","256","10","7621","2023-03-02"
"KERALA","557","KANNUR","17701","484","31","18216","2023-03-02"
"KERALA","558","KASARAGOD","7779","214","5","7998","2023-03-02"
"KERALA","559","KOLLAM","16508","629","18","17155","2023-03-02"
"KERALA","560","KOTTAYAM","13481","585","35","14101","2023-03-02"
"KERALA","561","KOZHIKODE","21598","704","51","22353","2023-03-02"
"KERALA","562","MALAPPURAM","17346","609","27","17982","2023-03-02"
"KERALA","563","PALAKKAD","19016","477","29","19522","2023-03-02"
"KERALA","564","PATHANAMTHIPTA","8466","274","12","8752","2023-03-02"
"KERALA","565","THIRUVANANTHAPURAM","31625","861","57","32543","2023-03-02"
"KERALA","566","THRISSUR","22461","806","52","23319","2023-03-02"
"KERALA","567","WAYANAD","6150","153","5","6308","2023-03-02"
"MADHYA PRADESH","667","AGAR MALWA","4823","93","3","4919","2023-03-02"
"MADHYA PRADESH","639","ALIRAJPUR","1641","31","NA","1672","2023-03-02"
"MADHYA PRADESH","390","ANUPPUR","3136","42","2","3180","2023-03-02"
"MADHYA PRADESH","391","ASHOKNAGAR","3739","92","6","3837","2023-03-02"
"MADHYA PRADESH","392","BALAGHAT","11492","135","4","11631","2023-03-02"
"MADHYA PRADESH","393","BARWANI","6916","140","2","7058","2023-03-02"
"MADHYA PRADESH","394","BETUL","9792","179","9","9980","2023-03-02"
"MADHYA PRADESH","395","BHIND","5204","75","1","5280","2023-03-02"
"MADHYA PRADESH","396","BHOPAL","35688","973","74","36735","2023-03-02"
"MADHYA PRADESH","397","BURHANPUR","4872","77","2","4951","2023-03-02"
"MADHYA PRADESH","398","CHHATARPUR","7114","193","6","7313","2023-03-02"
"MADHYA PRADESH","399","CHHINDWARA","16640","296","16","16952","2023-03-02"
"MADHYA PRADESH","400","DAMOH","5156","110","3","5269","2023-03-02"
"MADHYA PRADESH","401","DATIA","3373","65","NA","3438","2023-03-02"
"MADHYA PRADESH","402","DEWAS","13769","198","2","13969","2023-03-02"
"MADHYA PRADESH","403","DHAR","15260","319","9","15588","2023-03-02"
"MADHYA PRADESH","404","DINDORI","2437","19","NA","2456","2023-03-02"
"MADHYA PRADESH","405","EAST NIMAR","6908","152","3","7063","2023-03-02"
"MADHYA PRADESH","406","GUNA","8726","205","8","8939","2023-03-02"
"MADHYA PRADESH","407","GWALIOR","24914","664","34","25612","2023-03-02"
"MADHYA PRADESH","408","HARDA","4233","95","2","4330","2023-03-02"
"MADHYA PRADESH","409","HOSHANGABAD","7814","212","9","8035","2023-03-02"
"MADHYA PRADESH","410","INDORE","55384","1976","160","57520","2023-03-02"
"MADHYA PRADESH","411","JABALPUR","22718","565","33","23316","2023-03-02"
"MADHYA PRADESH","412","JHABUA","3802","77","2","3881","2023-03-02"
"MADHYA PRADESH","413","KATNI","8053","221","17","8291","2023-03-02"
"MADHYA PRADESH","414","KHARGONE","11633","225","6","11864","2023-03-02"
"MADHYA PRADESH","415","MANDLA","5154","62","NA","5216","2023-03-02"
"MADHYA PRADESH","416","MANDSAUR","15174","253","6","15433","2023-03-02"
"MADHYA PRADESH","417","MORENA","8199","170","6","8375","2023-03-02"
"MADHYA PRADESH","418","NARSINGHPUR","6426","168","5","6599","2023-03-02"
"MADHYA PRADESH","419","NEEMUCH","9095","163","8","9266","2023-03-02"
"MADHYA PRADESH","722","NIWARI","779","19","NA","798","2023-03-02"
"MADHYA PRADESH","420","PANNA","3961","46","NA","4007","2023-03-02"
"MADHYA PRADESH","421","RAISEN","8301","186","1","8488","2023-03-02"
"MADHYA PRADESH","422","RAJGARH","13943","239","1","14183","2023-03-02"
"MADHYA PRADESH","423","RATLAM","13316","296","14","13626","2023-03-02"
"MADHYA PRADESH","424","REWA","13901","193","7","14101","2023-03-02"
"MADHYA PRADESH","425","SAGAR","13014","295","14","13323","2023-03-02"
"MADHYA PRADESH","426","SATNA","12360","288","16","12664","2023-03-02"
"MADHYA PRADESH","427","SEHORE","11807","192","6","12005","2023-03-02"
"MADHYA PRADESH","428","SEONI","8286","164","5","8455","2023-03-02"
"MADHYA PRADESH","429","SHAHDOL","5222","110","2","5334","2023-03-02"
"MADHYA PRADESH","430","SHAJAPUR","9147","169","2","9318","2023-03-02"
"MADHYA PRADESH","431","SHEOPUR","1508","69","NA","1577","2023-03-02"
"MADHYA PRADESH","432","SHIVPURI","6680","181","3","6864","2023-03-02"
"MADHYA PRADESH","433","SIDHI","3799","59","2","3860","2023-03-02"
"MADHYA PRADESH","638","SINGRAULI","5488","119","4","5611","2023-03-02"
"MADHYA PRADESH","434","TIKAMGARH","3608","79","1","3688","2023-03-02"
"MADHYA PRADESH","435","UJJAIN","20271","418","14","20703","2023-03-02"
"MADHYA PRADESH","436","UMARIA","2183","38","NA","2221","2023-03-02"
"MADHYA PRADESH","437","VIDISHA","9738","227","2","9967","2023-03-02"
"MAHARASHTRA","466","AHMEDNAGAR","74218","1068","54","75340","2023-03-02"
"MAHARASHTRA","467","AKOLA","21368","302","26","21696","2023-03-02"
"MAHARASHTRA","468","AMRAVATI","30538","445","17","31000","2023-03-02"
"MAHARASHTRA","469","AURANGABAD","86836","1018","62","87916","2023-03-02"
"MAHARASHTRA","470","BEED","28070","356","13","28439","2023-03-02"
"MAHARASHTRA","471","BHANDARA","13050","120","3","13173","2023-03-02"
"MAHARASHTRA","472","BULDHANA","26983","367","14","27364","2023-03-02"
"MAHARASHTRA","473","CHANDRAPUR","18759","345","17","19121","2023-03-02"
"MAHARASHTRA","474","DHULE","17960","304","23","18287","2023-03-02"
"MAHARASHTRA","475","GADCHIROLI","7311","101","2","7414","2023-03-02"
"MAHARASHTRA","476","GONDIA","13277","217","12","13506","2023-03-02"
"MAHARASHTRA","477","HINGOLI","10331","167","7","10505","2023-03-02"
"MAHARASHTRA","478","JALGAON","47917","763","32","48712","2023-03-02"
"MAHARASHTRA","479","JALNA","28368","352","25","28745","2023-03-02"
"MAHARASHTRA","480","KOLHAPUR","69327","925","66","70318","2023-03-02"
"MAHARASHTRA","481","LATUR","27781","468","32","28281","2023-03-02"
"MAHARASHTRA","482","MUMBAI ","136552","6424","1024","144000","2023-03-02"
"MAHARASHTRA","483","MUMBAI SUBURBAN","161665","4195","591","166451","2023-03-02"
"MAHARASHTRA","484","NAGPUR","88624","2043","199","90866","2023-03-02"
"MAHARASHTRA","485","NAN DED","32057","499","27","32583","2023-03-02"
"MAHARASHTRA","486","NANDURBAR","9340","164","6","9510","2023-03-02"
"MAHARASHTRA","487","NASHIK","97427","1769","102","99298","2023-03-02"
"MAHARASHTRA","488","OSMANABAD","22095","203","2","22300","2023-03-02"
"MAHARASHTRA","665","PALGHAR","63738","501","26","64265","2023-03-02"
"MAHARASHTRA","489","PARBHANI","18936","243","8","19187","2023-03-02"
"MAHARASHTRA","490","PUNE","305471","5257","439","311167","2023-03-02"
"MAHARASHTRA","491","RAIGAD","76717","1013","73","77803","2023-03-02"
"MAHARASHTRA","492","RATNAGIRI","25928","192","7","26127","2023-03-02"
"MAHARASHTRA","493","SANGLI","46701","666","36","47403","2023-03-02"
"MAHARASHTRA","494","SATARA","51178","491","22","51691","2023-03-02"
"MAHARASHTRA","495","SINDHUDURG","12547","100","NA","12647","2023-03-02"
"MAHARASHTRA","496","SOLAPUR","70802","844","54","71700","2023-03-02"
"MAHARASHTRA","497","THANE","230454","3851","351","234656","2023-03-02"
"MAHARASHTRA","498","WARDHA","16198","186","10","16394","2023-03-02"
"MAHARASHTRA","499","WASHIM","10660","180","13","10853","2023-03-02"
"MAHARASHTRA","500","YAVATMAL","20837","313","14","21164","2023-03-02"
"MANIPUR","252","BISHNUPUR","2467","20","NA","2487","2023-03-02"
"MANIPUR","253","CHANDEL","425","1","NA","426","2023-03-02"
"MANIPUR","254","CHURACHANDPUR","1265","10","NA","1275","2023-03-02"
"MANIPUR","255","IMPHAL EAST","5388","68","3","5459","2023-03-02"
"MANIPUR","256","IMPHAL WEST","7420","168","10","7598","2023-03-02"
"MANIPUR","713","JIRIBAM","131","NA","NA","131","2023-03-02"
"MANIPUR","711","KAKCHING","564","7","NA","571","2023-03-02"
"MANIPUR","717","KAMJONG","60","NA","NA","60","2023-03-02"
"MANIPUR","712","KANGPOKPI","376","NA","NA","376","2023-03-02"
"MANIPUR","714","NONEY","54","2","NA","56","2023-03-02"
"MANIPUR","715","PHERZAWL","3","NA","NA","3","2023-03-02"
"MANIPUR","257","SENAPATI","1186","8","1","1195","2023-03-02"
"MANIPUR","258","TAMENGLONG","299","2","1","302","2023-03-02"
"MANIPUR","716","TENGNOUPAL","172","1","NA","173","2023-03-02"
"MANIPUR","259","THOUBAL","2651","23","NA","2674","2023-03-02"
"MANIPUR","260","UKHRUL","469","6","NA","475","2023-03-02"
"MEGHALAYA","273","EAST GARO HILLS","282","2","NA","284","2023-03-02"
"MEGHALAYA","657","EAST JAINTIA HILLS","421","15","NA","436","2023-03-02"
"MEGHALAYA","274","EAST KHASI HILLS","2333","117","13","2463","2023-03-02"
"MEGHALAYA","740","EASTERN WEST KHASI HILLS","27","NA","NA","27","2023-03-02"
"MEGHALAYA","656","NORTH GARO HILLS","135","1","NA","136","2023-03-02"
"MEGHALAYA","276","RI BHOI","646","17","4","667","2023-03-02"
"MEGHALAYA","277","SOUTH GARO HILLS","175","1","NA","176","2023-03-02"
"MEGHALAYA","663","SOUTH WEST  GARO HILLS","336","2","NA","338","2023-03-02"
"MEGHALAYA","658","SOUTH WEST KHASI HILLS","108","1","NA","109","2023-03-02"
"MEGHALAYA","278","WEST GARO HILLS","1268","27","2","1297","2023-03-02"
"MEGHALAYA","275","WEST JAINTIA HILLS","597","3","NA","600","2023-03-02"
"MEGHALAYA","279","WEST KHASI HILLS","230","2","NA","232","2023-03-02"
"MIZORAM","261","AIZAWL","4181","83","6","4270","2023-03-02"
"MIZORAM","262","CHAMPHAI","781","4","NA","785","2023-03-02"
"MIZORAM","726","Hnahthial","121","NA","NA","121","2023-03-02"
"MIZORAM","728","Khawzawl","193","1","NA","194","2023-03-02"
"MIZORAM","263","KOLASIB","810","7","NA","817","2023-03-02"
"MIZORAM","264","LAWNGTLAI","285","NA","NA","285","2023-03-02"
"MIZORAM","265","LUNGLEI","982","7","NA","989","2023-03-02"
"MIZORAM","266","MAMIT","276","NA","NA","276","2023-03-02"
"MIZORAM","267","SAIHA","155","5","NA","160","2023-03-02"
"MIZORAM","727","Saitual","262","NA","NA","262","2023-03-02"
"MIZORAM","268","SERCHHIP","344","3","1","348","2023-03-02"
"NAGALAND","758","Chumoukedima","126","NA","NA","126","2023-03-02"
"NAGALAND","244","DIMAPUR","2633","66","7","2706","2023-03-02"
"NAGALAND","614","KIPHRIE","235","NA","NA","235","2023-03-02"
"NAGALAND","245","KOHIMA","1289","15","NA","1304","2023-03-02"
"NAGALAND","615","LONGLENG","96","NA","NA","96","2023-03-02"
"NAGALAND","246","MOKOKCHUNG","473","4","NA","477","2023-03-02"
"NAGALAND","247","MON","364","NA","NA","364","2023-03-02"
"NAGALAND","764","Niuland","7","NA","NA","7","2023-03-02"
"NAGALAND","736","Noklak","22","NA","NA","22","2023-03-02"
"NAGALAND","613","PEREN","292","NA","NA","292","2023-03-02"
"NAGALAND","248","PHEK","221","NA","NA","221","2023-03-02"
"NAGALAND","757","Tseminyu","37","NA","NA","37","2023-03-02"
"NAGALAND","249","TUENSANG","158","NA","NA","158","2023-03-02"
"NAGALAND","250","WOKHA","236","1","NA","237","2023-03-02"
"NAGALAND","251","ZUNHEBOTO","265","1","NA","266","2023-03-02"
"ODISHA","344","ANGUL","8110","305","21","8436","2023-03-02"
"ODISHA","345","BALANGIR","6269","158","6","6433","2023-03-02"
"ODISHA","346","BALESHWAR","11924","309","10","12243","2023-03-02"
"ODISHA","347","BARGARH","6144","175","9","6328","2023-03-02"
"ODISHA","348","BHADRAK","7025","142","2","7169","2023-03-02"
"ODISHA","349","BOUDH","1969","30","1","2000","2023-03-02"
"ODISHA","350","CUTTACK","21805","661","56","22522","2023-03-02"
"ODISHA","351","DEOGARH","1270","19","NA","1289","2023-03-02"
"ODISHA","352","DHENKANAL","5873","112","2","5987","2023-03-02"
"ODISHA","353","GAJAPATI","1844","30","1","1875","2023-03-02"
"ODISHA","354","GANJAM","19247","441","7","19695","2023-03-02"
"ODISHA","355","JAGATSINGHPUR","8264","172","5","8441","2023-03-02"
"ODISHA","356","JAJAPUR","10370","303","12","10685","2023-03-02"
"ODISHA","357","JHARSUGUDA","4830","194","5","5029","2023-03-02"
"ODISHA","358","KALAHANDI","5407","149","5","5561","2023-03-02"
"ODISHA","359","KANDHAMAL","2912","28","NA","2940","2023-03-02"
"ODISHA","360","KENDRAPARA","6477","106","2","6585","2023-03-02"
"ODISHA","361","KENDUJHAR","11051","323","38","11412","2023-03-02"
"ODISHA","362","KHORDHA","31090","1180","112","32382","2023-03-02"
"ODISHA","363","KORAPUT","4919","140","4","5063","2023-03-02"
"ODISHA","364","MALKANGIRI  ","2092","46","NA","2138","2023-03-02"
"ODISHA","365","MAYURBHANJ","7902","181","1","8084","2023-03-02"
"ODISHA","366","NABARANGPUR","2669","91","2","2762","2023-03-02"
"ODISHA","367","NAYAGARH","5163","71","1","5235","2023-03-02"
"ODISHA","368","NUAPADA","2291","47","1","2339","2023-03-02"
"ODISHA","369","PURI","11446","132","3","11581","2023-03-02"
"ODISHA","370","RAYAGADA","3767","87","3","3857","2023-03-02"
"ODISHA","371","SAMBALPUR","6823","253","12","7088","2023-03-02"
"ODISHA","372","SONEPUR","2447","33","1","2481","2023-03-02"
"ODISHA","373","SUNDARGARH","12843","537","50","13430","2023-03-02"
"PUNJAB","27","AMRITSAR","29028","737","41","29806","2023-03-02"
"PUNJAB","605","BARNALA","7248","158","2","7408","2023-03-02"
"PUNJAB","28","BATHINDA","18098","523","33","18654","2023-03-02"
"PUNJAB","29","FARIDKOT","8233","134","3","8370","2023-03-02"
"PUNJAB","30","FATEHGARH SAHIB","7687","556","64","8307","2023-03-02"
"PUNJAB","651","FAZILKA","9813","213","13","10039","2023-03-02"
"PUNJAB","31","FIROZEPUR","10402","147","5","10554","2023-03-02"
"PUNJAB","32","GURDASPUR","12095","218","10","12323","2023-03-02"
"PUNJAB","33","HOSHIARPUR","16883","286","9","17178","2023-03-02"
"PUNJAB","34","JALANDHAR","38043","813","59","38915","2023-03-02"
"PUNJAB","35","KAPURTHALA","12155","169","7","12331","2023-03-02"
"PUNJAB","36","LUDHIANA","59436","1963","131","61530","2023-03-02"
"PUNJAB","737","MALERKOTLA","1707","19","NA","1726","2023-03-02"
"PUNJAB","37","MANSA","7094","140","2","7236","2023-03-02"
"PUNJAB","38","MOGA","12524","195","7","12726","2023-03-02"
"PUNJAB","662","PATHANKOT","6348","157","2","6507","2023-03-02"
"PUNJAB","41","PATIALA","30063","536","26","30625","2023-03-02"
"PUNJAB","42","RUPNAGAR","7742","164","5","7911","2023-03-02"
"PUNJAB","43","SANGRUR","15698","339","7","16044","2023-03-02"
"PUNJAB","608","SAS NAGAR","31634","648","61","32343","2023-03-02"
"PUNJAB","40","SHAHID BHAGAT SINGH NAGAR","7630","101","1","7732","2023-03-02"
"PUNJAB","39","SRI MUKTSAR SAHIB","9004","207","2","9213","2023-03-02"
"PUNJAB","609","TARN TARAN","7039","82","NA","7121","2023-03-02"
"RAJASTHAN","86","AJMER","37817","644","43","38504","2023-03-02"
"RAJASTHAN","87","ALWAR","37017","755","42","37814","2023-03-02"
"RAJASTHAN","88","BANSWARA","8966","127","3","9096","2023-03-02"
"RAJASTHAN","89","BARAN","7741","221","14","7976","2023-03-02"
"RAJASTHAN","90","BARMER","18792","377","10","19179","2023-03-02"
"RAJASTHAN","91","BHARATPUR","11355","265","6","11626","2023-03-02"
"RAJASTHAN","92","BHILWARA","32576","489","23","33088","2023-03-02"
"RAJASTHAN","93","BIKANER","33534","668","21","34223","2023-03-02"
"RAJASTHAN","94","BUNDI","8882","135","5","9022","2023-03-02"
"RAJASTHAN","95","CHITTORGARH","18598","351","15","18964","2023-03-02"
"RAJASTHAN","96","CHURU","18894","177","2","19073","2023-03-02"
"RAJASTHAN","97","DAUSA","11990","141","4","12135","2023-03-02"
"RAJASTHAN","98","DHOLPUR","3821","65","1","3887","2023-03-02"
"RAJASTHAN","99","DUNGARPUR","8049","79","1","8129","2023-03-02"
"RAJASTHAN","100","GANGANAGAR","28391","588","28","29007","2023-03-02"
"RAJASTHAN","101","HANUMANGARH","20951","273","6","21230","2023-03-02"
"RAJASTHAN","102","JAIPUR","147224","3249","304","150777","2023-03-02"
"RAJASTHAN","103","JAISALMER","5466","92","1","5559","2023-03-02"
"RAJASTHAN","104","JALORE","10489","171","NA","10660","2023-03-02"
"RAJASTHAN","105","JHALAWAR","10290","210","3","10503","2023-03-02"
"RAJASTHAN","106","JHUNJHUNU","21227","221","11","21459","2023-03-02"
"RAJASTHAN","107","JODHPUR","47291","1057","61","48409","2023-03-02"
"RAJASTHAN","108","KARAULI","5470","82","1","5553","2023-03-02"
"RAJASTHAN","109","KOTA","25719","700","53","26472","2023-03-02"
"RAJASTHAN","110","NAGAUR","29164","421","15","29600","2023-03-02"
"RAJASTHAN","111","PALI","20507","324","15","20846","2023-03-02"
"RAJASTHAN","629","PRATAPGARH","5503","68","NA","5571","2023-03-02"
"RAJASTHAN","112","RAJSAMAND","12382","122","3","12507","2023-03-02"
"RAJASTHAN","113","SAWAI MADHOPUR","8880","151","6","9037","2023-03-02"
"RAJASTHAN","114","SIKAR","30257","373","17","30647","2023-03-02"
"RAJASTHAN","115","SIROHI","9705","111","4","9820","2023-03-02"
"RAJASTHAN","116","TONK","11551","211","4","11766","2023-03-02"
"RAJASTHAN","117","UDAIPUR","33325","686","50","34061","2023-03-02"
"SIKKIM","225","Gangtok","2141","61","8","2210","2023-03-02"
"SIKKIM","228","Gyalshing","446","7","NA","453","2023-03-02"
"SIKKIM","226","Mangan","208","3","NA","211","2023-03-02"
"SIKKIM","227","Namchi","732","4","NA","736","2023-03-02"
"SIKKIM","741","Pakyong","271","3","NA","274","2023-03-02"
"SIKKIM","742","Soreng","112","NA","NA","112","2023-03-02"
"TAMIL NADU","610","ARIYALUR","8570","108","3","8681","2023-03-02"
"TAMIL NADU","730","Chengalpattu","23340","214","3","23557","2023-03-02"
"TAMIL NADU","568","CHENNAI","141777","5246","573","147596","2023-03-02"
"TAMIL NADU","569","COIMBATORE","77228","1787","154","79169","2023-03-02"
"TAMIL NADU","570","CUDDALORE","27717","357","18","28092","2023-03-02"
"TAMIL NADU","571","DHARMAPURI","18826","213","4","19043","2023-03-02"
"TAMIL NADU","572","DINDIGUL","29931","448","18","30397","2023-03-02"
"TAMIL NADU","573","ERODE","31260","714","32","32006","2023-03-02"
"TAMIL NADU","729","Kallakurichi","6700","80","2","6782","2023-03-02"
"TAMIL NADU","574","KANCHIPURAM","39943","732","62","40737","2023-03-02"
"TAMIL NADU","575","KANNIYAKUMARI","26316","420","16","26752","2023-03-02"
"TAMIL NADU","576","KARUR","10925","226","12","11163","2023-03-02"
"TAMIL NADU","577","KRISHNAGIRI","23534","507","16","24057","2023-03-02"
"TAMIL NADU","578","MADURAI","50409","904","54","51367","2023-03-02"
"TAMIL NADU","735","Mayiladuthurai","6637","62","NA","6699","2023-03-02"
"TAMIL NADU","579","NAGAPATTINAM","11443","114","1","11558","2023-03-02"
"TAMIL NADU","580","NAMAKKAL","24306","691","41","25038","2023-03-02"
"TAMIL NADU","581","PERAMBALUR","6116","92","3","6211","2023-03-02"
"TAMIL NADU","582","PUDUKKOTTAI","19513","229","6","19748","2023-03-02"
"TAMIL NADU","583","RAMANATHAPURAM","13355","137","7","13499","2023-03-02"
"TAMIL NADU","731","Ranipet","8699","76","1","8776","2023-03-02"
"TAMIL NADU","584","SALEM","46888","1006","48","47942","2023-03-02"
"TAMIL NADU","585","SIVAGANGA","16316","156","6","16478","2023-03-02"
"TAMIL NADU","733","Tenkasi","10138","130","1","10269","2023-03-02"
"TAMIL NADU","586","THANJAVUR","30275","460","22","30757","2023-03-02"
"TAMIL NADU","587","THE NILGIRISH","7357","82","7","7446","2023-03-02"
"TAMIL NADU","588","THENI","17861","250","8","18119","2023-03-02"
"TAMIL NADU","589","THIRUVALLUR","44100","732","42","44874","2023-03-02"
"TAMIL NADU","590","THIRUVARUR","14353","151","5","14509","2023-03-02"
"TAMIL NADU","591","TIRUCHIRAPPALLI","37474","612","25","38111","2023-03-02"
"TAMIL NADU","592","TIRUNELVELI","26189","407","13","26609","2023-03-02"
"TAMIL NADU","732","Tirupathur","6353","46","NA","6399","2023-03-02"
"TAMIL NADU","634","TIRUPPUR","33859","906","38","34803","2023-03-02"
"TAMIL NADU","593","TIRUVANNAMALAI","19327","233","6","19566","2023-03-02"
"TAMIL NADU","594","TUTICORIN","22916","414","24","23354","2023-03-02"
"TAMIL NADU","595","VELLORE","24515","449","18","24982","2023-03-02"
"TAMIL NADU","596","VILLUPURAM","25128","309","14","25451","2023-03-02"
"TAMIL NADU","597","VIRUDHUNAGAR","23140","353","14","23507","2023-03-02"
"TELANGANA","501","ADILABAD","5252","125","3","5380","2023-03-02"
"TELANGANA","690","BHADRADRI KOTHAGUDEM","6914","137","4","7055","2023-03-02"
"TELANGANA","507","HYDERABAD","68962","4172","532","73666","2023-03-02"
"TELANGANA","681","Jagitial","6293","92","2","6387","2023-03-02"
"TELANGANA","689","JANGOAN","3454","53","1","3508","2023-03-02"
"TELANGANA","687","JAYASHANKAR BHUPALAPALLY","2509","33","1","2543","2023-03-02"
"TELANGANA","695","JOGULAMBA GADWAL","3053","71","1","3125","2023-03-02"
"TELANGANA","685","KAMAREDDY","6005","101","NA","6106","2023-03-02"
"TELANGANA","508","KARIMNAGAR","14265","299","12","14576","2023-03-02"
"TELANGANA","509","KHAMMAM","13158","352","13","13523","2023-03-02"
"TELANGANA","699","KOMARAM BHEEM ASIFABAD","1783","39","NA","1822","2023-03-02"
"TELANGANA","688","MAHABUBABAD","4979","67","1","5047","2023-03-02"
"TELANGANA","512","MAHABUBNAGAR","11269","171","9","11449","2023-03-02"
"TELANGANA","684","MANCHERIAL","5653","105","3","5761","2023-03-02"
"TELANGANA","513","MEDAK","6711","108","3","6822","2023-03-02"
"TELANGANA","700","MEDCHAL MALKAJGIRI","30005","1003","79","31087","2023-03-02"
"TELANGANA","720","Mulugu","1270","15","NA","1285","2023-03-02"
"TELANGANA","694","NAGARKURNOOL","4935","75","1","5011","2023-03-02"
"TELANGANA","514","NALGONDA","18735","253","10","18998","2023-03-02"
"TELANGANA","721","Narayanpet","2002","26","NA","2028","2023-03-02"
"TELANGANA","680","Nirmal","3569","93","1","3663","2023-03-02"
"TELANGANA","516","NIZAMABAD","16379","287","12","16678","2023-03-02"
"TELANGANA","682","PEDDAPALLI","6824","108","2","6934","2023-03-02"
"TELANGANA","683","RAJANNA SIRCILLA","3731","46","1","3778","2023-03-02"
"TELANGANA","518","RANGA REDDI","42757","1374","133","44264","2023-03-02"
"TELANGANA","691","SANGAREDDY","10383","208","3","10594","2023-03-02"
"TELANGANA","692","SIDDIPET","7535","143","6","7684","2023-03-02"
"TELANGANA","696","SURYAPET","11071","168","5","11244","2023-03-02"
"TELANGANA","698","VIKARABAD","5378","76","1","5455","2023-03-02"
"TELANGANA","693","WANAPARTHY","3421","47","NA","3468","2023-03-02"
"TELANGANA","522","WARANGAL RURAL","6386","79","NA","6465","2023-03-02"
"TELANGANA","686","WARANGAL URBAN","13598","390","26","14014","2023-03-02"
"TELANGANA","697","YADADRI BHUVANAGIRI","6129","64","1","6194","2023-03-02"
"TRIPURA","269","DHALAI","961","9","1","971","2023-03-02"
"TRIPURA","654","GOMATI","1642","22","NA","1664","2023-03-02"
"TRIPURA","652","KHOWAI","728","6","NA","734","2023-03-02"
"TRIPURA","270","NORTH TRIPURA","2168","32","1","2201","2023-03-02"
"TRIPURA","653","SEPAHIJALA","1320","20","NA","1340","2023-03-02"
"TRIPURA","271","SOUTH TRIPURA","1537","23","NA","1560","2023-03-02"
"TRIPURA","655","UNAKOTI","1115","17","NA","1132","2023-03-02"
"TRIPURA","272","WEST TRIPURA","5713","235","19","5967","2023-03-02"
"UTTAR PRADESH","118","AGRA","34070","979","82","35131","2023-03-02"
"UTTAR PRADESH","119","ALIGARH","15230","433","25","15688","2023-03-02"
"UTTAR PRADESH","121","AMBEDAKAR NAGAR","6526","128","2","6656","2023-03-02"
"UTTAR PRADESH","640","AMETHI","6260","97","1","6358","2023-03-02"
"UTTAR PRADESH","154","AMROHA","5606","184","6","5796","2023-03-02"
"UTTAR PRADESH","122","AURAIYA","3853","83","2","3938","2023-03-02"
"UTTAR PRADESH","123","AZAMGARH","15479","239","9","15727","2023-03-02"
"UTTAR PRADESH","124","BAGHPAT","6379","76","3","6458","2023-03-02"
"UTTAR PRADESH","125","BAHRAICH","6255","193","4","6452","2023-03-02"
"UTTAR PRADESH","126","BALLIA","9691","182","5","9878","2023-03-02"
"UTTAR PRADESH","127","BALRAMPUR","3867","89","2","3958","2023-03-02"
"UTTAR PRADESH","128","BANDA","4000","94","2","4096","2023-03-02"
"UTTAR PRADESH","129","BARABANKI","9889","252","10","10151","2023-03-02"
"UTTAR PRADESH","130","BAREILLY","21185","602","45","21832","2023-03-02"
"UTTAR PRADESH","131","BASTI","7551","176","4","7731","2023-03-02"
"UTTAR PRADESH","179","BHADOHI","6318","87","2","6407","2023-03-02"
"UTTAR PRADESH","132","BIJNOR","8246","213","10","8469","2023-03-02"
"UTTAR PRADESH","133","BUDAUN","6450","237","5","6692","2023-03-02"
"UTTAR PRADESH","134","BULANDSHAHAR","12642","308","13","12963","2023-03-02"
"UTTAR PRADESH","135","CHANDAULI","6622","140","10","6772","2023-03-02"
"UTTAR PRADESH","136","CHITRAKOOT","2706","60","8","2774","2023-03-02"
"UTTAR PRADESH","137","DEORIA","12376","218","3","12597","2023-03-02"
"UTTAR PRADESH","138","ETAH","4927","156","8","5091","2023-03-02"
"UTTAR PRADESH","139","ETAWAH","5228","121","9","5358","2023-03-02"
"UTTAR PRADESH","140","FAIZABAD","9956","218","11","10185","2023-03-02"
"UTTAR PRADESH","141","FARRUKHABAD","4735","135","3","4873","2023-03-02"
"UTTAR PRADESH","142","FATEHPUR","6937","147","5","7089","2023-03-02"
"UTTAR PRADESH","143","FIROZABAD","9084","146","7","9237","2023-03-02"
"UTTAR PRADESH","144","GAUTAM BUDDHA NAGAR","43797","1447","152","45396","2023-03-02"
"UTTAR PRADESH","145","GHAZIABAD","47086","1410","141","48637","2023-03-02"
"UTTAR PRADESH","146","GHAZIPUR","14532","170","2","14704","2023-03-02"
"UTTAR PRADESH","147","GONDA","8432","203","8","8643","2023-03-02"
"UTTAR PRADESH","148","GORAKHAPUR","22090","699","45","22834","2023-03-02"
"UTTAR PRADESH","149","HAMIRPUR","3187","96","3","3286","2023-03-02"
"UTTAR PRADESH","661","HAPUR","7642","196","11","7849","2023-03-02"
"UTTAR PRADESH","150","HARDOI","11706","227","4","11937","2023-03-02"
"UTTAR PRADESH","163","HATHRAS","6400","163","6","6569","2023-03-02"
"UTTAR PRADESH","151","JALAUN","3669","123","4","3796","2023-03-02"
"UTTAR PRADESH","152","JAUNPUR","17512","260","6","17778","2023-03-02"
"UTTAR PRADESH","153","JHANSI","11277","378","26","11681","2023-03-02"
"UTTAR PRADESH","155","KANNAUJ","4560","131","2","4693","2023-03-02"
"UTTAR PRADESH","156","KANPUR DEHAT","4769","99","4","4872","2023-03-02"
"UTTAR PRADESH","157","KANPUR NAGAR","34046","1400","105","35551","2023-03-02"
"UTTAR PRADESH","633","KASGANJ","3439","116","1","3556","2023-03-02"
"UTTAR PRADESH","158","KAUSHAMBI","4061","68","1","4130","2023-03-02"
"UTTAR PRADESH","160","KUSHINAGAR","9631","191","10","9832","2023-03-02"
"UTTAR PRADESH","159","LAKHIMPUR KHERI","9810","281","8","10099","2023-03-02"
"UTTAR PRADESH","161","LALITPUR","3292","94","11","3397","2023-03-02"
"UTTAR PRADESH","162","LUCKNOW","60966","1928","161","63055","2023-03-02"
"UTTAR PRADESH","164","MAHARAJGANJ","7919","158","4","8081","2023-03-02"
"UTTAR PRADESH","165","MAHOBA","2589","76","6","2671","2023-03-02"
"UTTAR PRADESH","166","MAINPURI","5779","143","3","5925","2023-03-02"
"UTTAR PRADESH","167","MATHURA","20432","348","21","20801","2023-03-02"
"UTTAR PRADESH","168","MAU","7180","126","3","7309","2023-03-02"
"UTTAR PRADESH","169","MEERUT","26434","622","29","27085","2023-03-02"
"UTTAR PRADESH","170","MIRZAPUR","8425","174","8","8607","2023-03-02"
"UTTAR PRADESH","171","MORADABAD","15289","387","15","15691","2023-03-02"
"UTTAR PRADESH","172","MUZAFFARNAGAR","15213","417","32","15662","2023-03-02"
"UTTAR PRADESH","173","PILIBHIT","6409","117","5","6531","2023-03-02"
"UTTAR PRADESH","174","PRATAPGARH","10511","182","2","10695","2023-03-02"
"UTTAR PRADESH","120","PRAYAGRAJ","27628","691","45","28364","2023-03-02"
"UTTAR PRADESH","175","RAE BARELI","10870","188","4","11062","2023-03-02"
"UTTAR PRADESH","176","RAMPUR","8185","152","6","8343","2023-03-02"
"UTTAR PRADESH","177","SAHARANPUR","18484","349","14","18847","2023-03-02"
"UTTAR PRADESH","659","SAMBHAL","5280","162","4","5446","2023-03-02"
"UTTAR PRADESH","178","SANT KABEER NAGAR","5504","92","5","5601","2023-03-02"
"UTTAR PRADESH","180","SHAHJAHANPUR","7604","265","12","7881","2023-03-02"
"UTTAR PRADESH","660","SHAMLI","5252","84","1","5337","2023-03-02"
"UTTAR PRADESH","181","SHRAVASTI","1737","25","NA","1762","2023-03-02"
"UTTAR PRADESH","182","SIDDHARTHNAGAR","6135","123","3","6261","2023-03-02"
"UTTAR PRADESH","183","SITAPUR","9080","251","5","9336","2023-03-02"
"UTTAR PRADESH","184","SONBHADRA","7354","165","8","7527","2023-03-02"
"UTTAR PRADESH","185","SULTANPUR","6966","161","4","7131","2023-03-02"
"UTTAR PRADESH","186","UNNAO","7555","134","5","7694","2023-03-02"
"UTTAR PRADESH","187","VARANASI","29457","852","69","30378","2023-03-02"
"UTTARAKHAND","45","ALMORA","4197","21","1","4219","2023-03-02"
"UTTARAKHAND","46","BAGESHWAR","1479","9","1","1489","2023-03-02"
"UTTARAKHAND","47","CHAMOLI","3178","17","NA","3195","2023-03-02"
"UTTARAKHAND","48","CHAMPAWAT","1970","26","NA","1996","2023-03-02"
"UTTARAKHAND","49","DEHRADUN","33032","676","54","33762","2023-03-02"
"UTTARAKHAND","50","HARIDWAR","16808","399","13","17220","2023-03-02"
"UTTARAKHAND","51","NAINITAL","10853","297","15","11165","2023-03-02"
"UTTARAKHAND","52","PAURI GARHWAL","4494","66","NA","4560","2023-03-02"
"UTTARAKHAND","53","PITHORAGARH","3206","41","NA","3247","2023-03-02"
"UTTARAKHAND","54","RUDRA PRAYAG","2045","10","NA","2055","2023-03-02"
"UTTARAKHAND","55","TEHRI GARHWAL","4083","38","2","4123","2023-03-02"
"UTTARAKHAND","56","UDHAM SINGH NAGAR","17491","456","14","17961","2023-03-02"
"UTTARAKHAND","57","UTTARKASHI","2450","16","NA","2466","2023-03-02"
"WEST BENGAL","664","ALIPURDUAR","4687","119","6","4812","2023-03-02"
"WEST BENGAL","305","BANKURA","8197","229","10","8436","2023-03-02"
"WEST BENGAL","307","BIRBHUM","9669","293","8","9970","2023-03-02"
"WEST BENGAL","308","COOCHBEHAR","7967","218","6","8191","2023-03-02"
"WEST BENGAL","310","DAKSHIN DINAJPUR","4753","118","2","4873","2023-03-02"
"WEST BENGAL","309","DARJEELING","11859","748","49","12656","2023-03-02"
"WEST BENGAL","317","EAST MEDINIPUR","17833","656","29","18518","2023-03-02"
"WEST BENGAL","312","HOOGHLY","18299","571","27","18897","2023-03-02"
"WEST BENGAL","313","HOWRAH","17779","729","24","18532","2023-03-02"
"WEST BENGAL","314","JALPAIGURI","9460","337","13","9810","2023-03-02"
"WEST BENGAL","703","Jhargram","2102","45","NA","2147","2023-03-02"
"WEST BENGAL","702","KALIMPONG","836","16","NA","852","2023-03-02"
"WEST BENGAL","315","KOLKOTA","41072","4325","579","45976","2023-03-02"
"WEST BENGAL","316","MALDA","11533","287","10","11830","2023-03-02"
"WEST BENGAL","319","MURSHIDABAD","20230","508","17","20755","2023-03-02"
"WEST BENGAL","320","NADIA","15422","399","12","15833","2023-03-02"
"WEST BENGAL","303","NORTH 24 PRAGANAS","41001","1122","71","42194","2023-03-02"
"WEST BENGAL","704","PASCHIM BARDHAMAN","16040","664","44","16748","2023-03-02"
"WEST BENGAL","306","PURBA BARDHAMAN","15409","471","10","15890","2023-03-02"
"WEST BENGAL","321","PURULIA","5489","151","3","5643","2023-03-02"
"WEST BENGAL","304","SOUTH 24 PRAGANAS","24147","572","30","24749","2023-03-02"
"WEST BENGAL","311","UTTAR DINAJPUR","8905","333","5","9243","2023-03-02"
"WEST BENGAL","318","WEST MEDINIPUR","16025","480","24","16529","2023-03-02"
"ANDAMAN AND NICOBAR ISLANDS","603","NIKOBARS","191","2","NA","193","2023-03-02"
"ANDAMAN AND NICOBAR ISLANDS","632","NORTH AND MIDDLE ANDAMAN","943","8","NA","951","2023-03-02"
"ANDAMAN AND NICOBAR ISLANDS","602","SOUTH ANDAMANS","5329","157","3","5489","2023-03-02"
"CHANDIGARH","44","CHANDIGARH","18904","888","87","19879","2023-03-02"
